key,data,custom_rotated,bounding_box_custom,n_generated,bounding_box_generated,n_data,val_perc,val_cust_only,train_model,train_epochs,train_pretrained_weights,train_multiscale_training,train_iou_thres,train_conf_thres,train_nms_thres,seed,training_time,ev_time,k_cross_val,n_not_annotated,sens,over_detecion_rate,no_hit_point_rate,ev_conf_thres,ev_nms_thres,accepted_dist
ev_nms_thres,config/custom_rot.data,True,0.06,,,1416,0.1,True,config/yolov3-tiny-custom.cfg,100,,True,0.5,0.1,0.5,42,0d/13h/15m/43s,0d/0h/0m/7s,1,53,0.7126137841352406,0.01950585175552666,0.37583148558758317,0.01,0.0,15
ev_nms_thres,config/custom_rot.data,True,0.06,,,1416,0.1,True,config/yolov3-tiny-custom.cfg,100,,True,0.5,0.1,0.5,42,0d/13h/15m/43s,0d/0h/0m/10s,1,53,0.7109181141439206,0.018610421836228287,0.34811529933481156,0.01,0.01,15
ev_nms_thres,config/custom_rot.data,True,0.06,,,1416,0.1,True,config/yolov3-tiny-custom.cfg,100,,True,0.5,0.1,0.5,42,0d/13h/15m/43s,0d/0h/0m/8s,1,53,0.7100238663484487,0.017899761336515514,0.3237250554323725,0.01,0.02,15
ev_nms_thres,config/custom_rot.data,True,0.06,,,1416,0.1,True,config/yolov3-tiny-custom.cfg,100,,True,0.5,0.1,0.5,42,0d/13h/15m/43s,0d/0h/0m/8s,1,53,0.7024221453287197,0.01845444059976932,0.3070953436807095,0.01,0.03,15
ev_nms_thres,config/custom_rot.data,True,0.06,,,1416,0.1,True,config/yolov3-tiny-custom.cfg,100,,True,0.5,0.1,0.5,42,0d/13h/15m/43s,0d/0h/0m/8s,1,53,0.6997742663656885,0.01805869074492099,0.29490022172949004,0.01,0.04,15
ev_nms_thres,config/custom_rot.data,True,0.06,,,1416,0.1,True,config/yolov3-tiny-custom.cfg,100,,True,0.5,0.1,0.5,42,0d/13h/15m/43s,0d/0h/0m/7s,1,53,0.6898454746136865,0.017660044150110375,0.2893569844789357,0.01,0.05,15
ev_nms_thres,config/custom_rot.data,True,0.06,,,1416,0.1,True,config/yolov3-tiny-custom.cfg,100,,True,0.5,0.1,0.5,42,0d/13h/15m/43s,0d/0h/0m/7s,1,53,0.6866158868335147,0.018498367791077257,0.28159645232815966,0.01,0.06,15
ev_nms_thres,config/custom_rot.data,True,0.06,,,1416,0.1,True,config/yolov3-tiny-custom.cfg,100,,True,0.5,0.1,0.5,42,0d/13h/15m/43s,0d/0h/0m/7s,1,53,0.6793650793650794,0.01904761904761905,0.2682926829268293,0.01,0.07,15
ev_nms_thres,config/custom_rot.data,True,0.06,,,1416,0.1,True,config/yolov3-tiny-custom.cfg,100,,True,0.5,0.1,0.5,42,0d/13h/15m/43s,0d/0h/0m/8s,1,53,0.6770508826583593,0.018691588785046728,0.2572062084257206,0.01,0.08,15
ev_nms_thres,config/custom_rot.data,True,0.06,,,1416,0.1,True,config/yolov3-tiny-custom.cfg,100,,True,0.5,0.1,0.5,42,0d/13h/15m/43s,0d/0h/0m/7s,1,53,0.6717325227963525,0.019250253292806486,0.24390243902439024,0.01,0.09,15
ev_nms_thres,config/custom_rot.data,True,0.06,,,1416,0.1,True,config/yolov3-tiny-custom.cfg,100,,True,0.5,0.1,0.5,42,0d/13h/15m/43s,0d/0h/0m/8s,1,53,0.6650148662041625,0.018830525272547076,0.23503325942350334,0.01,0.1,15
ev_nms_thres,config/custom_rot.data,True,0.06,,,1416,0.1,True,config/yolov3-tiny-custom.cfg,100,,True,0.5,0.1,0.5,42,0d/13h/15m/43s,0d/0h/0m/7s,1,53,0.6585603112840467,0.01848249027237354,0.22838137472283815,0.01,0.11,15
ev_nms_thres,config/custom_rot.data,True,0.06,,,1416,0.1,True,config/yolov3-tiny-custom.cfg,100,,True,0.5,0.1,0.5,42,0d/13h/15m/43s,0d/0h/0m/9s,1,53,0.6510962821734986,0.01811248808388942,0.22172949002217296,0.01,0.12,15
ev_nms_thres,config/custom_rot.data,True,0.06,,,1416,0.1,True,config/yolov3-tiny-custom.cfg,100,,True,0.5,0.1,0.5,42,0d/13h/15m/43s,0d/0h/0m/8s,1,53,0.6450417052826691,0.017608897126969416,0.2073170731707317,0.01,0.13,15
ev_nms_thres,config/custom_rot.data,True,0.06,,,1416,0.1,True,config/yolov3-tiny-custom.cfg,100,,True,0.5,0.1,0.5,42,0d/13h/15m/43s,0d/0h/0m/8s,1,53,0.6386861313868614,0.01824817518248175,0.2017738359201774,0.01,0.14,15
ev_nms_thres,config/custom_rot.data,True,0.06,,,1416,0.1,True,config/yolov3-tiny-custom.cfg,100,,True,0.5,0.1,0.5,42,0d/13h/15m/43s,0d/0h/0m/8s,1,53,0.6337522441651705,0.017953321364452424,0.1951219512195122,0.01,0.15,15
ev_nms_thres,config/custom_rot.data,True,0.06,,,1416,0.1,True,config/yolov3-tiny-custom.cfg,100,,True,0.5,0.1,0.5,42,0d/13h/15m/43s,0d/0h/0m/8s,1,53,0.6289752650176679,0.0176678445229682,0.188470066518847,0.01,0.16,15
ev_nms_thres,config/custom_rot.data,True,0.06,,,1416,0.1,True,config/yolov3-tiny-custom.cfg,100,,True,0.5,0.1,0.5,42,0d/13h/15m/43s,0d/0h/0m/8s,1,53,0.6200345423143351,0.017271157167530225,0.18181818181818182,0.01,0.17,15
ev_nms_thres,config/custom_rot.data,True,0.06,,,1416,0.1,True,config/yolov3-tiny-custom.cfg,100,,True,0.5,0.1,0.5,42,0d/13h/15m/43s,0d/0h/0m/8s,1,53,0.6105971404541631,0.01682085786375105,0.17405764966740578,0.01,0.18,15
ev_nms_thres,config/custom_rot.data,True,0.06,,,1416,0.1,True,config/yolov3-tiny-custom.cfg,100,,True,0.5,0.1,0.5,42,0d/13h/15m/43s,0d/0h/0m/8s,1,53,0.6056338028169014,0.016570008285004142,0.1696230598669623,0.01,0.19,15
ev_nms_thres,config/custom_rot.data,True,0.06,,,1416,0.1,True,config/yolov3-tiny-custom.cfg,100,,True,0.5,0.1,0.5,42,0d/13h/15m/43s,0d/0h/0m/8s,1,53,0.5962632006498781,0.016246953696181964,0.1662971175166297,0.01,0.2,15
ev_nms_thres,config/custom_rot.data,True,0.06,,,1416,0.1,True,config/yolov3-tiny-custom.cfg,100,,True,0.5,0.1,0.5,42,0d/13h/15m/43s,0d/0h/0m/8s,1,53,0.5885167464114832,0.01594896331738437,0.1629711751662971,0.01,0.21,15
ev_nms_thres,config/custom_rot.data,True,0.06,,,1416,0.1,True,config/yolov3-tiny-custom.cfg,100,,True,0.5,0.1,0.5,42,0d/13h/15m/43s,0d/0h/0m/8s,1,53,0.5822884012539185,0.01567398119122257,0.1574279379157428,0.01,0.22,15
ev_nms_thres,config/custom_rot.data,True,0.06,,,1416,0.1,True,config/yolov3-tiny-custom.cfg,100,,True,0.5,0.1,0.5,42,0d/13h/15m/43s,0d/0h/0m/8s,1,53,0.5754060324825986,0.015467904098994586,0.15631929046563192,0.01,0.23,15
ev_nms_thres,config/custom_rot.data,True,0.06,,,1416,0.1,True,config/yolov3-tiny-custom.cfg,100,,True,0.5,0.1,0.5,42,0d/13h/15m/43s,0d/0h/0m/8s,1,53,0.5699088145896657,0.015197568389057751,0.15188470066518847,0.01,0.24,15
ev_nms_thres,config/custom_rot.data,True,0.06,,,1416,0.1,True,config/yolov3-tiny-custom.cfg,100,,True,0.5,0.1,0.5,42,0d/13h/15m/43s,0d/0h/0m/9s,1,53,0.5622669649515287,0.014914243102162566,0.14745011086474502,0.01,0.25,15
ev_nms_thres,config/custom_rot.data,True,0.06,,,1416,0.1,True,config/yolov3-tiny-custom.cfg,100,,True,0.5,0.1,0.5,42,0d/13h/15m/43s,0d/0h/0m/8s,1,53,0.5580029368575624,0.014684287812041116,0.14412416851441243,0.01,0.26,15
ev_nms_thres,config/custom_rot.data,True,0.06,,,1416,0.1,True,config/yolov3-tiny-custom.cfg,100,,True,0.5,0.1,0.5,42,0d/13h/15m/43s,0d/0h/0m/8s,1,53,0.5504322766570605,0.01440922190201729,0.1419068736141907,0.01,0.27,15
ev_nms_thres,config/custom_rot.data,True,0.06,,,1416,0.1,True,config/yolov3-tiny-custom.cfg,100,,True,0.5,0.1,0.5,42,0d/13h/15m/43s,0d/0h/0m/8s,1,53,0.5466101694915254,0.014124293785310734,0.13636363636363635,0.01,0.28,15
ev_nms_thres,config/custom_rot.data,True,0.06,,,1416,0.1,True,config/yolov3-tiny-custom.cfg,100,,True,0.5,0.1,0.5,42,0d/13h/15m/43s,0d/0h/0m/8s,1,53,0.5402219140083218,0.013869625520110958,0.13082039911308205,0.01,0.29,15
ev_nms_thres,config/custom_rot.data,True,0.06,,,1416,0.1,True,config/yolov3-tiny-custom.cfg,100,,True,0.5,0.1,0.5,42,0d/13h/15m/43s,0d/0h/0m/8s,1,53,0.5354706684856753,0.01432469304229195,0.12971175166297116,0.01,0.3,15
ev_nms_thres,config/custom_rot.data,True,0.06,,,1416,0.1,True,config/yolov3-tiny-custom.cfg,100,,True,0.5,0.1,0.5,42,0d/13h/15m/43s,0d/0h/0m/8s,1,53,0.5319006044325051,0.014103425117528543,0.12749445676274945,0.01,0.31,15
ev_nms_thres,config/custom_rot.data,True,0.06,,,1416,0.1,True,config/yolov3-tiny-custom.cfg,100,,True,0.5,0.1,0.5,42,0d/13h/15m/43s,0d/0h/0m/9s,1,53,0.531188443860801,0.014445173998686802,0.12195121951219512,0.01,0.32,15
ev_nms_thres,config/custom_rot.data,True,0.06,,,1416,0.1,True,config/yolov3-tiny-custom.cfg,100,,True,0.5,0.1,0.5,42,0d/13h/15m/43s,0d/0h/0m/9s,1,53,0.5301282051282051,0.014743589743589743,0.12084257206208426,0.01,0.33,15
ev_nms_thres,config/custom_rot.data,True,0.06,,,1416,0.1,True,config/yolov3-tiny-custom.cfg,100,,True,0.5,0.1,0.5,42,0d/13h/15m/43s,0d/0h/0m/8s,1,53,0.533292231812577,0.015413070283600493,0.1197339246119734,0.01,0.34,15
ev_nms_thres,config/custom_rot.data,True,0.06,,,1416,0.1,True,config/yolov3-tiny-custom.cfg,100,,True,0.5,0.1,0.5,42,0d/13h/15m/43s,0d/0h/0m/8s,1,53,0.5363095238095238,0.01488095238095238,0.11862527716186252,0.01,0.35000000000000003,15
ev_nms_thres,config/custom_rot.data,True,0.06,,,1416,0.1,True,config/yolov3-tiny-custom.cfg,100,,True,0.5,0.1,0.5,42,0d/13h/15m/43s,0d/0h/0m/9s,1,53,0.5416427340608846,0.014933946008041356,0.11419068736141907,0.01,0.36,15
ev_nms_thres,config/custom_rot.data,True,0.06,,,1416,0.1,True,config/yolov3-tiny-custom.cfg,100,,True,0.5,0.1,0.5,42,0d/13h/15m/43s,0d/0h/0m/10s,1,53,0.5474209650582362,0.017193566278424846,0.10753880266075388,0.01,0.37,15
ev_nms_thres,config/custom_rot.data,True,0.06,,,1416,0.1,True,config/yolov3-tiny-custom.cfg,100,,True,0.5,0.1,0.5,42,0d/13h/15m/43s,0d/0h/0m/10s,1,53,0.5487540628385699,0.016793066088840736,0.10643015521064302,0.01,0.38,15
ev_nms_thres,config/custom_rot.data,True,0.06,,,1416,0.1,True,config/yolov3-tiny-custom.cfg,100,,True,0.5,0.1,0.5,42,0d/13h/15m/43s,0d/0h/0m/10s,1,53,0.5536753040719197,0.016922263352723427,0.10421286031042129,0.01,0.39,15
ev_nms_thres,config/custom_rot.data,True,0.06,,,1416,0.1,True,config/yolov3-tiny-custom.cfg,100,,True,0.5,0.1,0.5,42,0d/13h/15m/43s,0d/0h/0m/10s,1,53,0.5580795043882292,0.017036654620547237,0.10421286031042129,0.01,0.4,15
ev_nms_thres,config/custom_rot.data,True,0.06,,,1416,0.1,True,config/yolov3-tiny-custom.cfg,100,,True,0.5,0.1,0.5,42,0d/13h/15m/43s,0d/0h/0m/10s,1,53,0.561491935483871,0.017137096774193547,0.10421286031042129,0.01,0.41000000000000003,15
ev_nms_thres,config/custom_rot.data,True,0.06,,,1416,0.1,True,config/yolov3-tiny-custom.cfg,100,,True,0.5,0.1,0.5,42,0d/13h/15m/43s,0d/0h/0m/9s,1,53,0.5653675382338431,0.017760236803157376,0.10310421286031042,0.01,0.42,15
ev_nms_thres,config/custom_rot.data,True,0.06,,,1416,0.1,True,config/yolov3-tiny-custom.cfg,100,,True,0.5,0.1,0.5,42,0d/13h/15m/43s,0d/0h/0m/9s,1,53,0.5672003881610869,0.017467248908296942,0.10199556541019955,0.01,0.43,15
ev_nms_thres,config/custom_rot.data,True,0.06,,,1416,0.1,True,config/yolov3-tiny-custom.cfg,100,,True,0.5,0.1,0.5,42,0d/13h/15m/43s,0d/0h/0m/9s,1,53,0.5694444444444444,0.017241379310344827,0.09866962305986696,0.01,0.44,15
ev_nms_thres,config/custom_rot.data,True,0.06,,,1416,0.1,True,config/yolov3-tiny-custom.cfg,100,,True,0.5,0.1,0.5,42,0d/13h/15m/43s,0d/0h/0m/10s,1,53,0.5707502374169041,0.017094017094017096,0.0975609756097561,0.01,0.45,15
ev_nms_thres,config/custom_rot.data,True,0.06,,,1416,0.1,True,config/yolov3-tiny-custom.cfg,100,,True,0.5,0.1,0.5,42,0d/13h/15m/43s,0d/0h/0m/9s,1,53,0.5725692813527478,0.016909347111319868,0.09645232815964523,0.01,0.46,15
ev_nms_thres,config/custom_rot.data,True,0.06,,,1416,0.1,True,config/yolov3-tiny-custom.cfg,100,,True,0.5,0.1,0.5,42,0d/13h/15m/43s,0d/0h/0m/8s,1,53,0.574744661095636,0.017177344475394613,0.0942350332594235,0.01,0.47000000000000003,15
ev_nms_thres,config/custom_rot.data,True,0.06,,,1416,0.1,True,config/yolov3-tiny-custom.cfg,100,,True,0.5,0.1,0.5,42,0d/13h/15m/43s,0d/0h/0m/9s,1,53,0.5762167125803489,0.016988062442607896,0.0942350332594235,0.01,0.48,15
ev_nms_thres,config/custom_rot.data,True,0.06,,,1416,0.1,True,config/yolov3-tiny-custom.cfg,100,,True,0.5,0.1,0.5,42,0d/13h/15m/43s,0d/0h/0m/9s,1,53,0.5777777777777777,0.016780045351473923,0.0942350332594235,0.01,0.49,15
ev_nms_thres,config/custom_rot.data,True,0.06,,,1416,0.1,True,config/yolov3-tiny-custom.cfg,100,,True,0.5,0.1,0.5,42,0d/13h/15m/43s,0d/0h/0m/9s,1,53,0.5790655884995508,0.016621743036837375,0.09312638580931264,0.01,0.5,15
ev_nms_thres,config/custom_rot.data,True,0.06,,,1416,0.1,True,config/yolov3-tiny-custom.cfg,100,,True,0.5,0.1,0.5,42,0d/13h/15m/43s,0d/0h/0m/8s,1,53,0.5819635717458908,0.016881386050644157,0.09090909090909091,0.01,0.51,15
ev_nms_thres,config/custom_rot.data,True,0.06,,,1416,0.1,True,config/yolov3-tiny-custom.cfg,100,,True,0.5,0.1,0.5,42,0d/13h/15m/43s,0d/0h/0m/9s,1,53,0.5830030823425804,0.01673271686481726,0.09090909090909091,0.01,0.52,15
ev_nms_thres,config/custom_rot.data,True,0.06,,,1416,0.1,True,config/yolov3-tiny-custom.cfg,100,,True,0.5,0.1,0.5,42,0d/13h/15m/43s,0d/0h/0m/9s,1,53,0.5852594853903184,0.016572176188399478,0.08980044345898004,0.01,0.53,15
ev_nms_thres,config/custom_rot.data,True,0.06,,,1416,0.1,True,config/yolov3-tiny-custom.cfg,100,,True,0.5,0.1,0.5,42,0d/13h/15m/43s,0d/0h/0m/9s,1,53,0.5874458874458874,0.01645021645021645,0.08980044345898004,0.01,0.54,15
ev_nms_thres,config/custom_rot.data,True,0.06,,,1416,0.1,True,config/yolov3-tiny-custom.cfg,100,,True,0.5,0.1,0.5,42,0d/13h/15m/43s,0d/0h/0m/9s,1,53,0.588740868070477,0.01675977653631285,0.08869179600886919,0.01,0.55,15
ev_nms_thres,config/custom_rot.data,True,0.06,,,1416,0.1,True,config/yolov3-tiny-custom.cfg,100,,True,0.5,0.1,0.5,42,0d/13h/15m/43s,0d/0h/0m/9s,1,53,0.5900727428326915,0.017115960633290545,0.08869179600886919,0.01,0.56,15
ev_nms_thres,config/custom_rot.data,True,0.06,,,1416,0.1,True,config/yolov3-tiny-custom.cfg,100,,True,0.5,0.1,0.5,42,0d/13h/15m/43s,0d/0h/0m/9s,1,53,0.589035274118147,0.016999575010624733,0.08869179600886919,0.01,0.5700000000000001,15
ev_nms_thres,config/custom_rot.data,True,0.06,,,1416,0.1,True,config/yolov3-tiny-custom.cfg,100,,True,0.5,0.1,0.5,42,0d/13h/15m/43s,0d/0h/0m/9s,1,53,0.5896027049873204,0.0169061707523246,0.08869179600886919,0.01,0.58,15
ev_nms_thres,config/custom_rot.data,True,0.06,,,1416,0.1,True,config/yolov3-tiny-custom.cfg,100,,True,0.5,0.1,0.5,42,0d/13h/15m/43s,0d/0h/0m/9s,1,53,0.5901845637583892,0.016778523489932886,0.08869179600886919,0.01,0.59,15
ev_nms_thres,config/custom_rot.data,True,0.06,,,1416,0.1,True,config/yolov3-tiny-custom.cfg,100,,True,0.5,0.1,0.5,42,0d/13h/15m/43s,0d/0h/0m/11s,1,53,0.7126137841352406,0.01950585175552666,0.37583148558758317,0.01,0.0,15
ev_nms_thres,config/custom_rot.data,True,0.06,,,1416,0.1,True,config/yolov3-tiny-custom.cfg,100,,True,0.5,0.1,0.5,42,0d/13h/15m/43s,0d/0h/0m/11s,1,53,0.7150259067357513,0.019430051813471502,0.3713968957871397,0.01,0.001,15
ev_nms_thres,config/custom_rot.data,True,0.06,,,1416,0.1,True,config/yolov3-tiny-custom.cfg,100,,True,0.5,0.1,0.5,42,0d/13h/15m/43s,0d/0h/0m/10s,1,53,0.712998712998713,0.019305019305019305,0.369179600886918,0.01,0.002,15
ev_nms_thres,config/custom_rot.data,True,0.06,,,1416,0.1,True,config/yolov3-tiny-custom.cfg,100,,True,0.5,0.1,0.5,42,0d/13h/15m/43s,0d/0h/0m/10s,1,53,0.7122762148337596,0.01918158567774936,0.36585365853658536,0.01,0.003,15
ev_nms_thres,config/custom_rot.data,True,0.06,,,1416,0.1,True,config/yolov3-tiny-custom.cfg,100,,True,0.5,0.1,0.5,42,0d/13h/15m/43s,0d/0h/0m/10s,1,53,0.7113665389527458,0.019157088122605363,0.36585365853658536,0.01,0.004,15
ev_nms_thres,config/custom_rot.data,True,0.06,,,1416,0.1,True,config/yolov3-tiny-custom.cfg,100,,True,0.5,0.1,0.5,42,0d/13h/15m/43s,0d/0h/0m/10s,1,53,0.7086513994910941,0.019083969465648856,0.36585365853658536,0.01,0.005,15
ev_nms_thres,config/custom_rot.data,True,0.06,,,1416,0.1,True,config/yolov3-tiny-custom.cfg,100,,True,0.5,0.1,0.5,42,0d/13h/15m/43s,0d/0h/0m/10s,1,53,0.7097591888466414,0.019011406844106463,0.3625277161862528,0.01,0.006,15
ev_nms_thres,config/custom_rot.data,True,0.06,,,1416,0.1,True,config/yolov3-tiny-custom.cfg,100,,True,0.5,0.1,0.5,42,0d/13h/15m/43s,0d/0h/0m/9s,1,53,0.7090680100755667,0.018891687657430732,0.35920177383592017,0.01,0.007,15
ev_nms_thres,config/custom_rot.data,True,0.06,,,1416,0.1,True,config/yolov3-tiny-custom.cfg,100,,True,0.5,0.1,0.5,42,0d/13h/15m/43s,0d/0h/0m/10s,1,53,0.7114178168130489,0.018820577164366373,0.35476718403547675,0.01,0.008,15
ev_nms_thres,config/custom_rot.data,True,0.06,,,1416,0.1,True,config/yolov3-tiny-custom.cfg,100,,True,0.5,0.1,0.5,42,0d/13h/15m/43s,0d/0h/0m/10s,1,53,0.709838107098381,0.0186799501867995,0.3514412416851441,0.01,0.009000000000000001,15
ev_nms_thres,config/custom_rot.data,True,0.06,,,1416,0.1,True,config/yolov3-tiny-custom.cfg,100,,True,0.5,0.1,0.5,42,0d/13h/15m/43s,0d/0h/0m/9s,1,53,0.7109181141439206,0.018610421836228287,0.34811529933481156,0.01,0.01,15
ev_nms_thres,config/custom_rot.data,True,0.06,,,1416,0.1,True,config/yolov3-tiny-custom.cfg,100,,True,0.5,0.1,0.5,42,0d/13h/15m/43s,0d/0h/0m/9s,1,53,0.7090012330456227,0.018495684340320593,0.3458980044345898,0.01,0.011,15
ev_nms_thres,config/custom_rot.data,True,0.06,,,1416,0.1,True,config/yolov3-tiny-custom.cfg,100,,True,0.5,0.1,0.5,42,0d/13h/15m/43s,0d/0h/0m/11s,1,53,0.7100737100737101,0.018427518427518427,0.3425720620842572,0.01,0.012,15
ev_nms_thres,config/custom_rot.data,True,0.06,,,1416,0.1,True,config/yolov3-tiny-custom.cfg,100,,True,0.5,0.1,0.5,42,0d/13h/15m/43s,0d/0h/0m/10s,1,53,0.7081807081807082,0.018315018315018316,0.34035476718403546,0.01,0.013000000000000001,15
ev_nms_thres,config/custom_rot.data,True,0.06,,,1416,0.1,True,config/yolov3-tiny-custom.cfg,100,,True,0.5,0.1,0.5,42,0d/13h/15m/43s,0d/0h/0m/10s,1,53,0.708029197080292,0.01824817518248175,0.33813747228381374,0.01,0.014,15
ev_nms_thres,config/custom_rot.data,True,0.06,,,1416,0.1,True,config/yolov3-tiny-custom.cfg,100,,True,0.5,0.1,0.5,42,0d/13h/15m/43s,0d/0h/0m/10s,1,53,0.7066666666666667,0.01818181818181818,0.3370288248337029,0.01,0.015,15
ev_nms_thres,config/custom_rot.data,True,0.06,,,1416,0.1,True,config/yolov3-tiny-custom.cfg,100,,True,0.5,0.1,0.5,42,0d/13h/15m/43s,0d/0h/0m/10s,1,53,0.7070217917675545,0.018159806295399514,0.33592017738359203,0.01,0.016,15
ev_nms_thres,config/custom_rot.data,True,0.06,,,1416,0.1,True,config/yolov3-tiny-custom.cfg,100,,True,0.5,0.1,0.5,42,0d/13h/15m/43s,0d/0h/0m/8s,1,53,0.7056694813027744,0.018094089264173704,0.3348115299334812,0.01,0.017,15
ev_nms_thres,config/custom_rot.data,True,0.06,,,1416,0.1,True,config/yolov3-tiny-custom.cfg,100,,True,0.5,0.1,0.5,42,0d/13h/15m/43s,0d/0h/0m/9s,1,53,0.7082833133253301,0.01800720288115246,0.32926829268292684,0.01,0.018000000000000002,15
ev_nms_thres,config/custom_rot.data,True,0.06,,,1416,0.1,True,config/yolov3-tiny-custom.cfg,100,,True,0.5,0.1,0.5,42,0d/13h/15m/43s,0d/0h/0m/9s,1,53,0.7093301435406698,0.017942583732057416,0.3259423503325942,0.01,0.019,15
ev_nms_thres,config/custom_rot.data,True,0.06,,,1416,0.1,True,config/yolov3-tiny-custom.cfg,100,,True,0.5,0.1,0.5,42,0d/13h/15m/43s,0d/0h/0m/9s,1,53,0.7100238663484487,0.017899761336515514,0.3237250554323725,0.01,0.02,15
ev_nms_thres,config/custom_rot.data,True,0.06,,,1416,0.1,True,config/yolov3-tiny-custom.cfg,100,,True,0.5,0.1,0.5,42,0d/13h/15m/43s,0d/0h/0m/8s,1,53,0.7093712930011863,0.018979833926453145,0.31929046563192903,0.01,0.021,15
ev_nms_thres,config/custom_rot.data,True,0.06,,,1416,0.1,True,config/yolov3-tiny-custom.cfg,100,,True,0.5,0.1,0.5,42,0d/13h/15m/43s,0d/0h/0m/8s,1,53,0.7080378250591016,0.018912529550827423,0.3181818181818182,0.01,0.022,15
ev_nms_thres,config/custom_rot.data,True,0.06,,,1416,0.1,True,config/yolov3-tiny-custom.cfg,100,,True,0.5,0.1,0.5,42,0d/13h/15m/43s,0d/0h/0m/9s,1,53,0.7067137809187279,0.01884570082449941,0.3170731707317073,0.01,0.023,15
ev_nms_thres,config/custom_rot.data,True,0.06,,,1416,0.1,True,config/yolov3-tiny-custom.cfg,100,,True,0.5,0.1,0.5,42,0d/13h/15m/43s,0d/0h/0m/8s,1,53,0.7033997655334114,0.01875732708089097,0.3170731707317073,0.01,0.024,15
ev_nms_thres,config/custom_rot.data,True,0.06,,,1416,0.1,True,config/yolov3-tiny-custom.cfg,100,,True,0.5,0.1,0.5,42,0d/13h/15m/43s,0d/0h/0m/9s,1,53,0.704093567251462,0.01871345029239766,0.3148558758314856,0.01,0.025,15
ev_nms_thres,config/custom_rot.data,True,0.06,,,1416,0.1,True,config/yolov3-tiny-custom.cfg,100,,True,0.5,0.1,0.5,42,0d/13h/15m/43s,0d/0h/0m/9s,1,53,0.703962703962704,0.018648018648018648,0.31263858093126384,0.01,0.026000000000000002,15
ev_nms_thres,config/custom_rot.data,True,0.06,,,1416,0.1,True,config/yolov3-tiny-custom.cfg,100,,True,0.5,0.1,0.5,42,0d/13h/15m/43s,0d/0h/0m/10s,1,53,0.7018561484918794,0.018561484918793503,0.311529933481153,0.01,0.027,15
ev_nms_thres,config/custom_rot.data,True,0.06,,,1416,0.1,True,config/yolov3-tiny-custom.cfg,100,,True,0.5,0.1,0.5,42,0d/13h/15m/43s,0d/0h/0m/9s,1,53,0.7018561484918794,0.018561484918793503,0.311529933481153,0.01,0.028,15
ev_nms_thres,config/custom_rot.data,True,0.06,,,1416,0.1,True,config/yolov3-tiny-custom.cfg,100,,True,0.5,0.1,0.5,42,0d/13h/15m/43s,0d/0h/0m/10s,1,53,0.7028901734104046,0.018497109826589597,0.3082039911308204,0.01,0.029,15
ev_nms_thres,config/custom_rot.data,True,0.06,,,1416,0.1,True,config/yolov3-tiny-custom.cfg,100,,True,0.5,0.1,0.5,42,0d/13h/15m/43s,0d/0h/0m/9s,1,53,0.7024221453287197,0.01845444059976932,0.3070953436807095,0.01,0.03,15
ev_nms_thres,config/custom_rot.data,True,0.06,,,1416,0.1,True,config/yolov3-tiny-custom.cfg,100,,True,0.5,0.1,0.5,42,0d/13h/15m/43s,0d/0h/0m/9s,1,53,0.7024221453287197,0.01845444059976932,0.3070953436807095,0.01,0.031,15
ev_nms_thres,config/custom_rot.data,True,0.06,,,1416,0.1,True,config/yolov3-tiny-custom.cfg,100,,True,0.5,0.1,0.5,42,0d/13h/15m/43s,0d/0h/0m/11s,1,53,0.7027649769585254,0.018433179723502304,0.30598669623059865,0.01,0.032,15
ev_nms_thres,config/custom_rot.data,True,0.06,,,1416,0.1,True,config/yolov3-tiny-custom.cfg,100,,True,0.5,0.1,0.5,42,0d/13h/15m/43s,0d/0h/0m/9s,1,53,0.7018348623853211,0.01834862385321101,0.30376940133037694,0.01,0.033,15
ev_nms_thres,config/custom_rot.data,True,0.06,,,1416,0.1,True,config/yolov3-tiny-custom.cfg,100,,True,0.5,0.1,0.5,42,0d/13h/15m/43s,0d/0h/0m/9s,1,53,0.702054794520548,0.0182648401826484,0.3004434589800443,0.01,0.034,15
ev_nms_thres,config/custom_rot.data,True,0.06,,,1416,0.1,True,config/yolov3-tiny-custom.cfg,100,,True,0.5,0.1,0.5,42,0d/13h/15m/43s,0d/0h/0m/10s,1,53,0.7035347776510832,0.018244013683010263,0.2982261640798226,0.01,0.035,15
ev_nms_thres,config/custom_rot.data,True,0.06,,,1416,0.1,True,config/yolov3-tiny-custom.cfg,100,,True,0.5,0.1,0.5,42,0d/13h/15m/43s,0d/0h/0m/10s,1,53,0.70193401592719,0.01820250284414107,0.2982261640798226,0.01,0.036000000000000004,15
ev_nms_thres,config/custom_rot.data,True,0.06,,,1416,0.1,True,config/yolov3-tiny-custom.cfg,100,,True,0.5,0.1,0.5,42,0d/13h/15m/43s,0d/0h/0m/10s,1,53,0.70193401592719,0.01820250284414107,0.2982261640798226,0.01,0.037,15
ev_nms_thres,config/custom_rot.data,True,0.06,,,1416,0.1,True,config/yolov3-tiny-custom.cfg,100,,True,0.5,0.1,0.5,42,0d/13h/15m/43s,0d/0h/0m/11s,1,53,0.7006802721088435,0.018140589569160998,0.29711751662971175,0.01,0.038,15
ev_nms_thres,config/custom_rot.data,True,0.06,,,1416,0.1,True,config/yolov3-tiny-custom.cfg,100,,True,0.5,0.1,0.5,42,0d/13h/15m/43s,0d/0h/0m/11s,1,53,0.7005649717514124,0.01807909604519774,0.29490022172949004,0.01,0.039,15
ev_nms_thres,config/custom_rot.data,True,0.06,,,1416,0.1,True,config/yolov3-tiny-custom.cfg,100,,True,0.5,0.1,0.5,42,0d/13h/15m/43s,0d/0h/0m/13s,1,53,0.6997742663656885,0.01805869074492099,0.29490022172949004,0.01,0.04,15
ev_nms_thres,config/custom_rot.data,True,0.06,,,1416,0.1,True,config/yolov3-tiny-custom.cfg,100,,True,0.5,0.1,0.5,42,0d/13h/15m/43s,0d/0h/0m/11s,1,53,0.6997742663656885,0.01805869074492099,0.29490022172949004,0.01,0.041,15
ev_nms_thres,config/custom_rot.data,True,0.06,,,1416,0.1,True,config/yolov3-tiny-custom.cfg,100,,True,0.5,0.1,0.5,42,0d/13h/15m/43s,0d/0h/0m/12s,1,53,0.6974128233970753,0.01799775028121485,0.29490022172949004,0.01,0.042,15
ev_nms_thres,config/custom_rot.data,True,0.06,,,1416,0.1,True,config/yolov3-tiny-custom.cfg,100,,True,0.5,0.1,0.5,42,0d/13h/15m/43s,0d/0h/0m/12s,1,53,0.6958473625140292,0.017957351290684626,0.29490022172949004,0.01,0.043000000000000003,15
ev_nms_thres,config/custom_rot.data,True,0.06,,,1416,0.1,True,config/yolov3-tiny-custom.cfg,100,,True,0.5,0.1,0.5,42,0d/13h/15m/43s,0d/0h/0m/12s,1,53,0.696528555431131,0.01791713325867861,0.2926829268292683,0.01,0.044,15
ev_nms_thres,config/custom_rot.data,True,0.06,,,1416,0.1,True,config/yolov3-tiny-custom.cfg,100,,True,0.5,0.1,0.5,42,0d/13h/15m/43s,0d/0h/0m/13s,1,53,0.6967670011148273,0.017837235228539576,0.2893569844789357,0.01,0.045,15
ev_nms_thres,config/custom_rot.data,True,0.06,,,1416,0.1,True,config/yolov3-tiny-custom.cfg,100,,True,0.5,0.1,0.5,42,0d/13h/15m/43s,0d/0h/0m/12s,1,53,0.6967670011148273,0.017837235228539576,0.2893569844789357,0.01,0.046,15
ev_nms_thres,config/custom_rot.data,True,0.06,,,1416,0.1,True,config/yolov3-tiny-custom.cfg,100,,True,0.5,0.1,0.5,42,0d/13h/15m/43s,0d/0h/0m/11s,1,53,0.6944444444444444,0.017777777777777778,0.2893569844789357,0.01,0.047,15
ev_nms_thres,config/custom_rot.data,True,0.06,,,1416,0.1,True,config/yolov3-tiny-custom.cfg,100,,True,0.5,0.1,0.5,42,0d/13h/15m/43s,0d/0h/0m/11s,1,53,0.6929046563192904,0.017738359201773836,0.2893569844789357,0.01,0.048,15
ev_nms_thres,config/custom_rot.data,True,0.06,,,1416,0.1,True,config/yolov3-tiny-custom.cfg,100,,True,0.5,0.1,0.5,42,0d/13h/15m/43s,0d/0h/0m/12s,1,53,0.6921373200442967,0.017718715393133997,0.2893569844789357,0.01,0.049,15
ev_nms_thres,config/custom_rot.data,True,0.06,,,1416,0.1,True,config/yolov3-tiny-custom.cfg,100,,True,0.5,0.1,0.5,42,0d/13h/15m/43s,0d/0h/0m/12s,1,53,0.6898454746136865,0.017660044150110375,0.2893569844789357,0.01,0.05,15
ev_nms_thres,config/custom_rot.data,True,0.06,,,1416,0.1,True,config/yolov3-tiny-custom.cfg,100,,True,0.5,0.1,0.5,42,0d/13h/15m/43s,0d/0h/0m/15s,1,53,0.6905286343612335,0.01762114537444934,0.28713968957871394,0.01,0.051000000000000004,15
ev_nms_thres,config/custom_rot.data,True,0.06,,,1416,0.1,True,config/yolov3-tiny-custom.cfg,100,,True,0.5,0.1,0.5,42,0d/13h/15m/43s,0d/0h/0m/14s,1,53,0.6897689768976898,0.0176017601760176,0.28713968957871394,0.01,0.052000000000000005,15
ev_nms_thres,config/custom_rot.data,True,0.06,,,1416,0.1,True,config/yolov3-tiny-custom.cfg,100,,True,0.5,0.1,0.5,42,0d/13h/15m/43s,0d/0h/0m/16s,1,53,0.6897689768976898,0.0176017601760176,0.28713968957871394,0.01,0.053,15
ev_nms_thres,config/custom_rot.data,True,0.06,,,1416,0.1,True,config/yolov3-tiny-custom.cfg,100,,True,0.5,0.1,0.5,42,0d/13h/15m/43s,0d/0h/0m/14s,1,53,0.6912087912087912,0.017582417582417582,0.28492239467849223,0.01,0.054,15
ev_nms_thres,config/custom_rot.data,True,0.06,,,1416,0.1,True,config/yolov3-tiny-custom.cfg,100,,True,0.5,0.1,0.5,42,0d/13h/15m/43s,0d/0h/0m/16s,1,53,0.6904500548847421,0.01756311745334797,0.28492239467849223,0.01,0.055,15
ev_nms_thres,config/custom_rot.data,True,0.06,,,1416,0.1,True,config/yolov3-tiny-custom.cfg,100,,True,0.5,0.1,0.5,42,0d/13h/15m/43s,0d/0h/0m/15s,1,53,0.6889375684556407,0.017524644030668127,0.28492239467849223,0.01,0.056,15
ev_nms_thres,config/custom_rot.data,True,0.06,,,1416,0.1,True,config/yolov3-tiny-custom.cfg,100,,True,0.5,0.1,0.5,42,0d/13h/15m/43s,0d/0h/0m/22s,1,53,0.6892778993435449,0.018599562363238512,0.2827050997782705,0.01,0.057,15
ev_nms_thres,config/custom_rot.data,True,0.06,,,1416,0.1,True,config/yolov3-tiny-custom.cfg,100,,True,0.5,0.1,0.5,42,0d/13h/15m/43s,0d/0h/0m/21s,1,53,0.6888646288209607,0.018558951965065504,0.28159645232815966,0.01,0.058,15
ev_nms_thres,config/custom_rot.data,True,0.06,,,1416,0.1,True,config/yolov3-tiny-custom.cfg,100,,True,0.5,0.1,0.5,42,0d/13h/15m/43s,0d/0h/0m/21s,1,53,0.6873638344226579,0.018518518518518517,0.28159645232815966,0.01,0.059000000000000004,15
ev_nms_thres,config/custom_rot.data,True,0.06,,,1416,0.1,True,config/yolov3-tiny-custom.cfg,100,,True,0.5,0.1,0.5,42,0d/13h/15m/43s,0d/0h/0m/18s,1,53,0.6866158868335147,0.018498367791077257,0.28159645232815966,0.01,0.06,15
ev_nms_thres,config/custom_rot.data,True,0.06,,,1416,0.1,True,config/yolov3-tiny-custom.cfg,100,,True,0.5,0.1,0.5,42,0d/13h/15m/43s,0d/0h/0m/20s,1,53,0.6862106406080347,0.018458197611292075,0.2804878048780488,0.01,0.061,15
ev_nms_thres,config/custom_rot.data,True,0.06,,,1416,0.1,True,config/yolov3-tiny-custom.cfg,100,,True,0.5,0.1,0.5,42,0d/13h/15m/43s,0d/0h/0m/16s,1,53,0.6839266450916937,0.018338727076591153,0.27827050997782704,0.01,0.062,15
ev_nms_thres,config/custom_rot.data,True,0.06,,,1416,0.1,True,config/yolov3-tiny-custom.cfg,100,,True,0.5,0.1,0.5,42,0d/13h/15m/43s,0d/0h/0m/16s,1,53,0.6850053937432579,0.018338727076591153,0.2771618625277162,0.01,0.063,15
ev_nms_thres,config/custom_rot.data,True,0.06,,,1416,0.1,True,config/yolov3-tiny-custom.cfg,100,,True,0.5,0.1,0.5,42,0d/13h/15m/43s,0d/0h/0m/15s,1,53,0.6838709677419355,0.01827956989247312,0.27605321507760533,0.01,0.064,15
ev_nms_thres,config/custom_rot.data,True,0.06,,,1416,0.1,True,config/yolov3-tiny-custom.cfg,100,,True,0.5,0.1,0.5,42,0d/13h/15m/43s,0d/0h/0m/16s,1,53,0.6842105263157895,0.01933404940923738,0.2738359201773836,0.01,0.065,15
ev_nms_thres,config/custom_rot.data,True,0.06,,,1416,0.1,True,config/yolov3-tiny-custom.cfg,100,,True,0.5,0.1,0.5,42,0d/13h/15m/43s,0d/0h/0m/16s,1,53,0.6838156484458735,0.01929260450160772,0.2727272727272727,0.01,0.066,15
ev_nms_thres,config/custom_rot.data,True,0.06,,,1416,0.1,True,config/yolov3-tiny-custom.cfg,100,,True,0.5,0.1,0.5,42,0d/13h/15m/43s,0d/0h/0m/17s,1,53,0.6834224598930482,0.019251336898395723,0.27161862527716185,0.01,0.067,15
ev_nms_thres,config/custom_rot.data,True,0.06,,,1416,0.1,True,config/yolov3-tiny-custom.cfg,100,,True,0.5,0.1,0.5,42,0d/13h/15m/43s,0d/0h/0m/20s,1,53,0.6837060702875399,0.019169329073482427,0.2682926829268293,0.01,0.068,15
ev_nms_thres,config/custom_rot.data,True,0.06,,,1416,0.1,True,config/yolov3-tiny-custom.cfg,100,,True,0.5,0.1,0.5,42,0d/13h/15m/43s,0d/0h/0m/19s,1,53,0.6822529224229543,0.019128586609989374,0.2682926829268293,0.01,0.069,15
ev_nms_thres,config/custom_rot.data,True,0.06,,,1416,0.1,True,config/yolov3-tiny-custom.cfg,100,,True,0.5,0.1,0.5,42,0d/13h/15m/43s,0d/0h/0m/16s,1,53,0.6793650793650794,0.01904761904761905,0.2682926829268293,0.01,0.07,15
ev_nms_thres,config/custom_rot.data,True,0.06,,,1416,0.1,True,config/yolov3-tiny-custom.cfg,100,,True,0.5,0.1,0.5,42,0d/13h/15m/43s,0d/0h/0m/16s,1,53,0.6800422386483632,0.01900739176346357,0.2660753880266075,0.01,0.07100000000000001,15
ev_nms_thres,config/custom_rot.data,True,0.06,,,1416,0.1,True,config/yolov3-tiny-custom.cfg,100,,True,0.5,0.1,0.5,42,0d/13h/15m/43s,0d/0h/0m/21s,1,53,0.680379746835443,0.0189873417721519,0.26496674057649666,0.01,0.07200000000000001,15
ev_nms_thres,config/custom_rot.data,True,0.06,,,1416,0.1,True,config/yolov3-tiny-custom.cfg,100,,True,0.5,0.1,0.5,42,0d/13h/15m/43s,0d/0h/0m/20s,1,53,0.68,0.018947368421052633,0.2638580931263858,0.01,0.073,15
ev_nms_thres,config/custom_rot.data,True,0.06,,,1416,0.1,True,config/yolov3-tiny-custom.cfg,100,,True,0.5,0.1,0.5,42,0d/13h/15m/43s,0d/0h/0m/22s,1,53,0.6789087093389297,0.01888772298006296,0.26274944567627495,0.01,0.074,15
ev_nms_thres,config/custom_rot.data,True,0.06,,,1416,0.1,True,config/yolov3-tiny-custom.cfg,100,,True,0.5,0.1,0.5,42,0d/13h/15m/43s,0d/0h/0m/21s,1,53,0.6795811518324607,0.018848167539267015,0.26053215077605324,0.01,0.075,15
ev_nms_thres,config/custom_rot.data,True,0.06,,,1416,0.1,True,config/yolov3-tiny-custom.cfg,100,,True,0.5,0.1,0.5,42,0d/13h/15m/43s,0d/0h/0m/18s,1,53,0.6781609195402298,0.018808777429467086,0.26053215077605324,0.01,0.076,15
ev_nms_thres,config/custom_rot.data,True,0.06,,,1416,0.1,True,config/yolov3-tiny-custom.cfg,100,,True,0.5,0.1,0.5,42,0d/13h/15m/43s,0d/0h/0m/18s,1,53,0.6784968684759917,0.018789144050104383,0.25942350332594233,0.01,0.077,15
ev_nms_thres,config/custom_rot.data,True,0.06,,,1416,0.1,True,config/yolov3-tiny-custom.cfg,100,,True,0.5,0.1,0.5,42,0d/13h/15m/43s,0d/0h/0m/23s,1,53,0.6777893639207507,0.018769551616266946,0.25942350332594233,0.01,0.078,15
ev_nms_thres,config/custom_rot.data,True,0.06,,,1416,0.1,True,config/yolov3-tiny-custom.cfg,100,,True,0.5,0.1,0.5,42,0d/13h/15m/43s,0d/0h/0m/24s,1,53,0.6784599375650364,0.018730489073881373,0.2572062084257206,0.01,0.079,15
ev_nms_thres,config/custom_rot.data,True,0.06,,,1416,0.1,True,config/yolov3-tiny-custom.cfg,100,,True,0.5,0.1,0.5,42,0d/13h/15m/43s,0d/0h/0m/21s,1,53,0.6770508826583593,0.018691588785046728,0.2572062084257206,0.01,0.08,15
ev_nms_thres,config/custom_rot.data,True,0.06,,,1416,0.1,True,config/yolov3-tiny-custom.cfg,100,,True,0.5,0.1,0.5,42,0d/13h/15m/43s,0d/0h/0m/21s,1,53,0.6759834368530021,0.018633540372670808,0.25609756097560976,0.01,0.081,15
ev_nms_thres,config/custom_rot.data,True,0.06,,,1416,0.1,True,config/yolov3-tiny-custom.cfg,100,,True,0.5,0.1,0.5,42,0d/13h/15m/43s,0d/0h/0m/24s,1,53,0.6749226006191951,0.018575851393188854,0.2549889135254989,0.01,0.082,15
ev_nms_thres,config/custom_rot.data,True,0.06,,,1416,0.1,True,config/yolov3-tiny-custom.cfg,100,,True,0.5,0.1,0.5,42,0d/13h/15m/43s,0d/0h/0m/24s,1,53,0.6738683127572016,0.018518518518518517,0.25388026607538805,0.01,0.083,15
ev_nms_thres,config/custom_rot.data,True,0.06,,,1416,0.1,True,config/yolov3-tiny-custom.cfg,100,,True,0.5,0.1,0.5,42,0d/13h/15m/43s,0d/0h/0m/23s,1,53,0.6738683127572016,0.018518518518518517,0.25388026607538805,0.01,0.084,15
ev_nms_thres,config/custom_rot.data,True,0.06,,,1416,0.1,True,config/yolov3-tiny-custom.cfg,100,,True,0.5,0.1,0.5,42,0d/13h/15m/43s,0d/0h/0m/21s,1,53,0.6731757451181911,0.018499486125385406,0.25388026607538805,0.01,0.085,15
ev_nms_thres,config/custom_rot.data,True,0.06,,,1416,0.1,True,config/yolov3-tiny-custom.cfg,100,,True,0.5,0.1,0.5,42,0d/13h/15m/43s,0d/0h/0m/23s,1,53,0.673155737704918,0.018442622950819672,0.2516629711751663,0.01,0.08600000000000001,15
ev_nms_thres,config/custom_rot.data,True,0.06,,,1416,0.1,True,config/yolov3-tiny-custom.cfg,100,,True,0.5,0.1,0.5,42,0d/13h/15m/43s,0d/0h/0m/21s,1,53,0.6728016359918201,0.018404907975460124,0.25055432372505543,0.01,0.08700000000000001,15
ev_nms_thres,config/custom_rot.data,True,0.06,,,1416,0.1,True,config/yolov3-tiny-custom.cfg,100,,True,0.5,0.1,0.5,42,0d/13h/15m/43s,0d/0h/0m/19s,1,53,0.6724313326551373,0.019328585961342827,0.24611973392461198,0.01,0.088,15
ev_nms_thres,config/custom_rot.data,True,0.06,,,1416,0.1,True,config/yolov3-tiny-custom.cfg,100,,True,0.5,0.1,0.5,42,0d/13h/15m/43s,0d/0h/0m/19s,1,53,0.6717479674796748,0.019308943089430895,0.24611973392461198,0.01,0.089,15
ev_nms_thres,config/custom_rot.data,True,0.06,,,1416,0.1,True,config/yolov3-tiny-custom.cfg,100,,True,0.5,0.1,0.5,42,0d/13h/15m/43s,0d/0h/0m/24s,1,53,0.6717325227963525,0.019250253292806486,0.24390243902439024,0.01,0.09,15
ev_nms_thres,config/custom_rot.data,True,0.06,,,1416,0.1,True,config/yolov3-tiny-custom.cfg,100,,True,0.5,0.1,0.5,42,0d/13h/15m/43s,0d/0h/0m/26s,1,53,0.6717325227963525,0.019250253292806486,0.24390243902439024,0.01,0.091,15
ev_nms_thres,config/custom_rot.data,True,0.06,,,1416,0.1,True,config/yolov3-tiny-custom.cfg,100,,True,0.5,0.1,0.5,42,0d/13h/15m/43s,0d/0h/0m/21s,1,53,0.6693548387096774,0.019153225806451613,0.24279379157427938,0.01,0.092,15
ev_nms_thres,config/custom_rot.data,True,0.06,,,1416,0.1,True,config/yolov3-tiny-custom.cfg,100,,True,0.5,0.1,0.5,42,0d/13h/15m/43s,0d/0h/0m/22s,1,53,0.670020120724346,0.019114688128772636,0.24057649667405764,0.01,0.093,15
ev_nms_thres,config/custom_rot.data,True,0.06,,,1416,0.1,True,config/yolov3-tiny-custom.cfg,100,,True,0.5,0.1,0.5,42,0d/13h/15m/43s,0d/0h/0m/23s,1,53,0.6696787148594378,0.019076305220883535,0.2394678492239468,0.01,0.094,15
ev_nms_thres,config/custom_rot.data,True,0.06,,,1416,0.1,True,config/yolov3-tiny-custom.cfg,100,,True,0.5,0.1,0.5,42,0d/13h/15m/43s,0d/0h/0m/20s,1,53,0.6696696696696697,0.01901901901901902,0.23725055432372505,0.01,0.095,15
ev_nms_thres,config/custom_rot.data,True,0.06,,,1416,0.1,True,config/yolov3-tiny-custom.cfg,100,,True,0.5,0.1,0.5,42,0d/13h/15m/43s,0d/0h/0m/23s,1,53,0.6703296703296703,0.01898101898101898,0.23503325942350334,0.01,0.096,15
ev_nms_thres,config/custom_rot.data,True,0.06,,,1416,0.1,True,config/yolov3-tiny-custom.cfg,100,,True,0.5,0.1,0.5,42,0d/13h/15m/43s,0d/0h/0m/27s,1,53,0.6696606786427146,0.018962075848303395,0.23503325942350334,0.01,0.097,15
ev_nms_thres,config/custom_rot.data,True,0.06,,,1416,0.1,True,config/yolov3-tiny-custom.cfg,100,,True,0.5,0.1,0.5,42,0d/13h/15m/43s,0d/0h/0m/23s,1,53,0.6679920477137177,0.018886679920477135,0.23392461197339245,0.01,0.098,15
ev_nms_thres,config/custom_rot.data,True,0.06,,,1416,0.1,True,config/yolov3-tiny-custom.cfg,100,,True,0.5,0.1,0.5,42,0d/13h/15m/43s,0d/0h/0m/23s,1,53,0.6679920477137177,0.018886679920477135,0.23392461197339245,0.01,0.099,15
ev_nms_thres,config/custom_rot.data,True,0.06,,,1416,0.1,True,config/yolov3-tiny-custom.cfg,100,,True,0.5,0.1,0.5,42,0d/13h/15m/43s,0d/0h/0m/26s,1,53,0.6650148662041625,0.018830525272547076,0.23503325942350334,0.01,0.1,15
ev_nms_thres,config/custom_rot.data,True,0.06,,,1416,0.1,True,config/yolov3-tiny-custom.cfg,100,,True,0.5,0.1,0.5,42,0d/13h/15m/43s,0d/0h/0m/22s,1,53,0.6650148662041625,0.018830525272547076,0.23503325942350334,0.01,0.101,15
ev_nms_thres,config/custom_rot.data,True,0.06,,,1416,0.1,True,config/yolov3-tiny-custom.cfg,100,,True,0.5,0.1,0.5,42,0d/13h/15m/43s,0d/0h/0m/28s,1,53,0.6604330708661418,0.018700787401574805,0.23503325942350334,0.01,0.10200000000000001,15
ev_nms_thres,config/custom_rot.data,True,0.06,,,1416,0.1,True,config/yolov3-tiny-custom.cfg,100,,True,0.5,0.1,0.5,42,0d/13h/15m/43s,0d/0h/0m/28s,1,53,0.6604330708661418,0.018700787401574805,0.23503325942350334,0.01,0.10300000000000001,15
ev_nms_thres,config/custom_rot.data,True,0.06,,,1416,0.1,True,config/yolov3-tiny-custom.cfg,100,,True,0.5,0.1,0.5,42,0d/13h/15m/43s,0d/0h/0m/20s,1,53,0.6607669616519174,0.018682399213372666,0.23392461197339245,0.01,0.10400000000000001,15
ev_nms_thres,config/custom_rot.data,True,0.06,,,1416,0.1,True,config/yolov3-tiny-custom.cfg,100,,True,0.5,0.1,0.5,42,0d/13h/15m/43s,0d/0h/0m/23s,1,53,0.6611001964636543,0.018664047151277015,0.2328159645232816,0.01,0.105,15
ev_nms_thres,config/custom_rot.data,True,0.06,,,1416,0.1,True,config/yolov3-tiny-custom.cfg,100,,True,0.5,0.1,0.5,42,0d/13h/15m/43s,0d/0h/0m/19s,1,53,0.6604514229636899,0.018645731108930325,0.2328159645232816,0.01,0.106,15
ev_nms_thres,config/custom_rot.data,True,0.06,,,1416,0.1,True,config/yolov3-tiny-custom.cfg,100,,True,0.5,0.1,0.5,42,0d/13h/15m/43s,0d/0h/0m/19s,1,53,0.6598039215686274,0.018627450980392157,0.2328159645232816,0.01,0.107,15
ev_nms_thres,config/custom_rot.data,True,0.06,,,1416,0.1,True,config/yolov3-tiny-custom.cfg,100,,True,0.5,0.1,0.5,42,0d/13h/15m/43s,0d/0h/0m/22s,1,53,0.66015625,0.0185546875,0.229490022172949,0.01,0.108,15
ev_nms_thres,config/custom_rot.data,True,0.06,,,1416,0.1,True,config/yolov3-tiny-custom.cfg,100,,True,0.5,0.1,0.5,42,0d/13h/15m/43s,0d/0h/0m/20s,1,53,0.6598440545808967,0.018518518518518517,0.22838137472283815,0.01,0.109,15
ev_nms_thres,config/custom_rot.data,True,0.06,,,1416,0.1,True,config/yolov3-tiny-custom.cfg,100,,True,0.5,0.1,0.5,42,0d/13h/15m/43s,0d/0h/0m/18s,1,53,0.6585603112840467,0.01848249027237354,0.22838137472283815,0.01,0.11,15
ev_nms_thres,config/custom_rot.data,True,0.06,,,1416,0.1,True,config/yolov3-tiny-custom.cfg,100,,True,0.5,0.1,0.5,42,0d/13h/15m/43s,0d/0h/0m/19s,1,53,0.6560077519379846,0.018410852713178296,0.22838137472283815,0.01,0.111,15
ev_nms_thres,config/custom_rot.data,True,0.06,,,1416,0.1,True,config/yolov3-tiny-custom.cfg,100,,True,0.5,0.1,0.5,42,0d/13h/15m/43s,0d/0h/0m/17s,1,53,0.655705996131528,0.0183752417794971,0.22727272727272727,0.01,0.112,15
ev_nms_thres,config/custom_rot.data,True,0.06,,,1416,0.1,True,config/yolov3-tiny-custom.cfg,100,,True,0.5,0.1,0.5,42,0d/13h/15m/43s,0d/0h/0m/18s,1,53,0.6550724637681159,0.018357487922705314,0.22727272727272727,0.01,0.113,15
ev_nms_thres,config/custom_rot.data,True,0.06,,,1416,0.1,True,config/yolov3-tiny-custom.cfg,100,,True,0.5,0.1,0.5,42,0d/13h/15m/43s,0d/0h/0m/22s,1,53,0.6544401544401545,0.01833976833976834,0.22727272727272727,0.01,0.114,15
ev_nms_thres,config/custom_rot.data,True,0.06,,,1416,0.1,True,config/yolov3-tiny-custom.cfg,100,,True,0.5,0.1,0.5,42,0d/13h/15m/43s,0d/0h/0m/22s,1,53,0.6525505293551492,0.01828681424446583,0.22727272727272727,0.01,0.115,15
ev_nms_thres,config/custom_rot.data,True,0.06,,,1416,0.1,True,config/yolov3-tiny-custom.cfg,100,,True,0.5,0.1,0.5,42,0d/13h/15m/43s,0d/0h/0m/22s,1,53,0.6528846153846154,0.01826923076923077,0.2261640798226164,0.01,0.116,15
ev_nms_thres,config/custom_rot.data,True,0.06,,,1416,0.1,True,config/yolov3-tiny-custom.cfg,100,,True,0.5,0.1,0.5,42,0d/13h/15m/43s,0d/0h/0m/21s,1,53,0.6522574447646494,0.01825168107588857,0.2261640798226164,0.01,0.117,15
ev_nms_thres,config/custom_rot.data,True,0.06,,,1416,0.1,True,config/yolov3-tiny-custom.cfg,100,,True,0.5,0.1,0.5,42,0d/13h/15m/43s,0d/0h/0m/21s,1,53,0.6510067114093959,0.01821668264621285,0.2261640798226164,0.01,0.11800000000000001,15
ev_nms_thres,config/custom_rot.data,True,0.06,,,1416,0.1,True,config/yolov3-tiny-custom.cfg,100,,True,0.5,0.1,0.5,42,0d/13h/15m/43s,0d/0h/0m/22s,1,53,0.6503831417624522,0.018199233716475097,0.2261640798226164,0.01,0.11900000000000001,15
ev_nms_thres,config/custom_rot.data,True,0.06,,,1416,0.1,True,config/yolov3-tiny-custom.cfg,100,,True,0.5,0.1,0.5,42,0d/13h/15m/43s,0d/0h/0m/24s,1,53,0.6510962821734986,0.01811248808388942,0.22172949002217296,0.01,0.12,15
ev_nms_thres,config/custom_rot.data,True,0.06,,,1416,0.1,True,config/yolov3-tiny-custom.cfg,100,,True,0.5,0.1,0.5,42,0d/13h/15m/43s,0d/0h/0m/21s,1,53,0.6520912547528517,0.01806083650190114,0.21840354767184036,0.01,0.121,15
ev_nms_thres,config/custom_rot.data,True,0.06,,,1416,0.1,True,config/yolov3-tiny-custom.cfg,100,,True,0.5,0.1,0.5,42,0d/13h/15m/43s,0d/0h/0m/23s,1,53,0.6521327014218009,0.01800947867298578,0.21618625277161863,0.01,0.122,15
ev_nms_thres,config/custom_rot.data,True,0.06,,,1416,0.1,True,config/yolov3-tiny-custom.cfg,100,,True,0.5,0.1,0.5,42,0d/13h/15m/43s,0d/0h/0m/21s,1,53,0.651844843897824,0.017975402081362345,0.21507760532150777,0.01,0.123,15
ev_nms_thres,config/custom_rot.data,True,0.06,,,1416,0.1,True,config/yolov3-tiny-custom.cfg,100,,True,0.5,0.1,0.5,42,0d/13h/15m/43s,0d/0h/0m/23s,1,53,0.649387370405278,0.017907634307257305,0.21507760532150777,0.01,0.124,15
ev_nms_thres,config/custom_rot.data,True,0.06,,,1416,0.1,True,config/yolov3-tiny-custom.cfg,100,,True,0.5,0.1,0.5,42,0d/13h/15m/43s,0d/0h/0m/24s,1,53,0.648217636022514,0.017823639774859287,0.21286031042128603,0.01,0.125,15
ev_nms_thres,config/custom_rot.data,True,0.06,,,1416,0.1,True,config/yolov3-tiny-custom.cfg,100,,True,0.5,0.1,0.5,42,0d/13h/15m/43s,0d/0h/0m/21s,1,53,0.6470588235294118,0.017740429505135387,0.2106430155210643,0.01,0.126,15
ev_nms_thres,config/custom_rot.data,True,0.06,,,1416,0.1,True,config/yolov3-tiny-custom.cfg,100,,True,0.5,0.1,0.5,42,0d/13h/15m/43s,0d/0h/0m/22s,1,53,0.6458527493010252,0.017707362534948742,0.2106430155210643,0.01,0.127,15
ev_nms_thres,config/custom_rot.data,True,0.06,,,1416,0.1,True,config/yolov3-tiny-custom.cfg,100,,True,0.5,0.1,0.5,42,0d/13h/15m/43s,0d/0h/0m/24s,1,53,0.6458527493010252,0.017707362534948742,0.2106430155210643,0.01,0.128,15
ev_nms_thres,config/custom_rot.data,True,0.06,,,1416,0.1,True,config/yolov3-tiny-custom.cfg,100,,True,0.5,0.1,0.5,42,0d/13h/15m/43s,0d/0h/0m/21s,1,53,0.6447124304267161,0.017625231910946195,0.20842572062084258,0.01,0.129,15
ev_nms_thres,config/custom_rot.data,True,0.06,,,1416,0.1,True,config/yolov3-tiny-custom.cfg,100,,True,0.5,0.1,0.5,42,0d/13h/15m/43s,0d/0h/0m/23s,1,53,0.6450417052826691,0.017608897126969416,0.2073170731707317,0.01,0.13,15
ev_nms_thres,config/custom_rot.data,True,0.06,,,1416,0.1,True,config/yolov3-tiny-custom.cfg,100,,True,0.5,0.1,0.5,42,0d/13h/15m/43s,0d/0h/0m/21s,1,53,0.5910224438902744,0.01662510390689942,0.08869179600886919,0.01,0.6,15
ev_nms_thres,config/custom_rot.data,True,0.06,,,1416,0.1,True,config/yolov3-tiny-custom.cfg,100,,True,0.5,0.1,0.5,42,0d/13h/15m/43s,0d/0h/0m/19s,1,53,0.5916940789473685,0.01644736842105263,0.08869179600886919,0.01,0.61,15
ev_nms_thres,config/custom_rot.data,True,0.06,,,1416,0.1,True,config/yolov3-tiny-custom.cfg,100,,True,0.5,0.1,0.5,42,0d/13h/15m/43s,0d/0h/0m/19s,1,53,0.5927435792906645,0.016306563391765186,0.08869179600886919,0.01,0.62,15
ev_nms_thres,config/custom_rot.data,True,0.06,,,1416,0.1,True,config/yolov3-tiny-custom.cfg,100,,True,0.5,0.1,0.5,42,0d/13h/15m/43s,0d/0h/0m/19s,1,53,0.5927125506072874,0.01659919028340081,0.08869179600886919,0.01,0.63,15
ev_nms_thres,config/custom_rot.data,True,0.06,,,1416,0.1,True,config/yolov3-tiny-custom.cfg,100,,True,0.5,0.1,0.5,42,0d/13h/15m/43s,0d/0h/0m/22s,1,53,0.5935509554140127,0.016321656050955414,0.08869179600886919,0.01,0.64,15
ev_nms_thres,config/custom_rot.data,True,0.06,,,1416,0.1,True,config/yolov3-tiny-custom.cfg,100,,True,0.5,0.1,0.5,42,0d/13h/15m/43s,0d/0h/0m/26s,1,53,0.5953870211102423,0.016810007818608287,0.08869179600886919,0.01,0.65,15
ev_nms_thres,config/custom_rot.data,True,0.06,,,1416,0.1,True,config/yolov3-tiny-custom.cfg,100,,True,0.5,0.1,0.5,42,0d/13h/15m/43s,0d/0h/0m/23s,1,53,0.5966872110939908,0.016563944530046226,0.08869179600886919,0.01,0.66,15
ev_nms_thres,config/custom_rot.data,True,0.06,,,1416,0.1,True,config/yolov3-tiny-custom.cfg,100,,True,0.5,0.1,0.5,42,0d/13h/15m/43s,0d/0h/0m/23s,1,53,0.600754716981132,0.016226415094339624,0.08758314855875832,0.01,0.67,15
ev_nms_thres,config/custom_rot.data,True,0.06,,,1416,0.1,True,config/yolov3-tiny-custom.cfg,100,,True,0.5,0.1,0.5,42,0d/13h/15m/43s,0d/0h/0m/25s,1,53,0.6045051698670606,0.01624815361890694,0.08758314855875832,0.01,0.68,15
ev_nms_thres,config/custom_rot.data,True,0.06,,,1416,0.1,True,config/yolov3-tiny-custom.cfg,100,,True,0.5,0.1,0.5,42,0d/13h/15m/43s,0d/0h/0m/24s,1,53,0.6080493110949964,0.01595358955765047,0.08758314855875832,0.01,0.6900000000000001,15
ev_nms_thres,config/custom_rot.data,True,0.06,,,1416,0.1,True,config/yolov3-tiny-custom.cfg,100,,True,0.5,0.1,0.5,42,0d/13h/15m/43s,0d/0h/0m/26s,1,53,0.6130063965884861,0.015991471215351813,0.08758314855875832,0.01,0.7000000000000001,15
ev_nms_thres,config/custom_rot.data,True,0.06,,,1416,0.1,True,config/yolov3-tiny-custom.cfg,100,,True,0.5,0.1,0.5,42,0d/13h/15m/43s,0d/0h/0m/27s,1,53,0.6142557651991615,0.015723270440251572,0.08758314855875832,0.01,0.7100000000000001,15
ev_nms_thres,config/custom_rot.data,True,0.06,,,1416,0.1,True,config/yolov3-tiny-custom.cfg,100,,True,0.5,0.1,0.5,42,0d/13h/15m/43s,0d/0h/0m/24s,1,53,0.6156754898590581,0.015812994156067378,0.08758314855875832,0.01,0.7200000000000001,15
ev_nms_thres,config/custom_rot.data,True,0.06,,,1416,0.1,True,config/yolov3-tiny-custom.cfg,100,,True,0.5,0.1,0.5,42,0d/13h/15m/43s,0d/0h/0m/25s,1,53,0.6170284938941656,0.01594301221166893,0.08758314855875832,0.01,0.7300000000000001,15
ev_nms_thres,config/custom_rot.data,True,0.06,,,1416,0.1,True,config/yolov3-tiny-custom.cfg,100,,True,0.5,0.1,0.5,42,0d/13h/15m/43s,0d/0h/0m/22s,1,53,0.616392341283171,0.015787705744037622,0.08758314855875832,0.01,0.7400000000000001,15
ev_nms_thres,config/custom_rot.data,True,0.06,,,1416,0.1,True,config/yolov3-tiny-custom.cfg,100,,True,0.5,0.1,0.5,42,0d/13h/15m/43s,0d/0h/0m/28s,1,53,0.6168442077230359,0.015645805592543277,0.08758314855875832,0.01,0.7500000000000001,15
ev_nms_thres,config/custom_rot.data,True,0.06,,,1416,0.1,True,config/yolov3-tiny-custom.cfg,100,,True,0.5,0.1,0.5,42,0d/13h/15m/43s,0d/0h/0m/29s,1,53,0.6154864328259431,0.015552614162806089,0.08758314855875832,0.01,0.7600000000000001,15
ev_nms_thres,config/custom_rot.data,True,0.06,,,1416,0.1,True,config/yolov3-tiny-custom.cfg,100,,True,0.5,0.1,0.5,42,0d/13h/15m/43s,0d/0h/0m/26s,1,53,0.6149047931713723,0.015430072225869994,0.08758314855875832,0.01,0.7700000000000001,15
ev_nms_thres,config/custom_rot.data,True,0.06,,,1416,0.1,True,config/yolov3-tiny-custom.cfg,100,,True,0.5,0.1,0.5,42,0d/13h/15m/43s,0d/0h/0m/26s,1,53,0.6136363636363636,0.01525974025974026,0.08758314855875832,0.01,0.7800000000000001,15
ev_nms_thres,config/custom_rot.data,True,0.06,,,1416,0.1,True,config/yolov3-tiny-custom.cfg,100,,True,0.5,0.1,0.5,42,0d/13h/15m/43s,0d/0h/0m/26s,1,53,0.6126963770439243,0.015068932350112215,0.08758314855875832,0.01,0.7900000000000001,15
ev_nms_thres,config/custom_rot.data,True,0.06,,,1416,0.1,True,config/yolov3-tiny-custom.cfg,100,,True,0.5,0.1,0.5,42,0d/13h/15m/43s,0d/0h/0m/29s,1,53,0.6122773536895675,0.01494910941475827,0.08758314855875832,0.01,0.8000000000000002,15
ev_nms_thres,config/custom_rot.data,True,0.06,,,1416,0.1,True,config/yolov3-tiny-custom.cfg,100,,True,0.5,0.1,0.5,42,0d/13h/15m/43s,0d/0h/0m/24s,1,53,0.6121421830764391,0.014784523435042466,0.08758314855875832,0.01,0.8100000000000002,15
ev_nms_thres,config/custom_rot.data,True,0.06,,,1416,0.1,True,config/yolov3-tiny-custom.cfg,100,,True,0.5,0.1,0.5,42,0d/13h/15m/43s,0d/0h/0m/25s,1,53,0.6118848653667596,0.015165583410708759,0.08758314855875832,0.01,0.8200000000000002,15
ev_nms_thres,config/custom_rot.data,True,0.06,,,1416,0.1,True,config/yolov3-tiny-custom.cfg,100,,True,0.5,0.1,0.5,42,0d/13h/15m/43s,0d/0h/0m/23s,1,53,0.61121267519805,0.014929920780012188,0.08758314855875832,0.01,0.8300000000000002,15
ev_nms_thres,config/custom_rot.data,True,0.06,,,1416,0.1,True,config/yolov3-tiny-custom.cfg,100,,True,0.5,0.1,0.5,42,0d/13h/15m/43s,0d/0h/0m/26s,1,53,0.6102963184675247,0.014965579167913799,0.08758314855875832,0.01,0.8400000000000002,15
ev_nms_thres,config/custom_rot.data,True,0.06,,,1416,0.1,True,config/yolov3-tiny-custom.cfg,100,,True,0.5,0.1,0.5,42,0d/13h/15m/43s,0d/0h/0m/28s,1,53,0.6065573770491803,0.01522248243559719,0.08758314855875832,0.01,0.8500000000000002,15
ev_nms_thres,config/custom_rot.data,True,0.06,,,1416,0.1,True,config/yolov3-tiny-custom.cfg,100,,True,0.5,0.1,0.5,42,0d/13h/15m/43s,0d/0h/0m/21s,1,53,0.6058958214081283,0.015168860904407555,0.08758314855875832,0.01,0.8600000000000002,15
ev_nms_thres,config/custom_rot.data,True,0.06,,,1416,0.1,True,config/yolov3-tiny-custom.cfg,100,,True,0.5,0.1,0.5,42,0d/13h/15m/43s,0d/0h/0m/23s,1,53,0.604346614655893,0.015045973808860406,0.08758314855875832,0.01,0.8700000000000002,15
ev_nms_thres,config/custom_rot.data,True,0.06,,,1416,0.1,True,config/yolov3-tiny-custom.cfg,100,,True,0.5,0.1,0.5,42,0d/13h/15m/43s,0d/0h/0m/27s,1,53,0.6043419267299864,0.014925373134328358,0.08758314855875832,0.01,0.8800000000000002,15
ev_nms_thres,config/custom_rot.data,True,0.06,,,1416,0.1,True,config/yolov3-tiny-custom.cfg,100,,True,0.5,0.1,0.5,42,0d/13h/15m/43s,0d/0h/0m/22s,1,53,0.6046080508474576,0.015889830508474576,0.08758314855875832,0.01,0.8900000000000002,15
ev_nms_thres,config/custom_rot.data,True,0.06,,,1416,0.1,True,config/yolov3-tiny-custom.cfg,100,,True,0.5,0.1,0.5,42,0d/13h/15m/43s,0d/0h/0m/23s,1,53,0.6036269430051814,0.015803108808290157,0.08758314855875832,0.01,0.9000000000000002,15
ev_nms_thres,config/custom_rot.data,True,0.06,,,1416,0.1,True,config/yolov3-tiny-custom.cfg,100,,True,0.5,0.1,0.5,42,0d/13h/15m/43s,0d/0h/0m/24s,1,53,0.6038071065989847,0.015482233502538072,0.08758314855875832,0.01,0.9100000000000003,15
ev_nms_thres,config/custom_rot.data,True,0.06,,,1416,0.1,True,config/yolov3-tiny-custom.cfg,100,,True,0.5,0.1,0.5,42,0d/13h/15m/43s,0d/0h/0m/27s,1,53,0.6030838099975131,0.015667744342203433,0.08758314855875832,0.01,0.9200000000000003,15
ev_nms_thres,config/custom_rot.data,True,0.06,,,1416,0.1,True,config/yolov3-tiny-custom.cfg,100,,True,0.5,0.1,0.5,42,0d/13h/15m/43s,0d/0h/0m/23s,1,53,0.601468788249694,0.015422276621787025,0.08758314855875832,0.01,0.9300000000000003,15
ev_nms_thres,config/custom_rot.data,True,0.06,,,1416,0.1,True,config/yolov3-tiny-custom.cfg,100,,True,0.5,0.1,0.5,42,0d/13h/15m/43s,0d/0h/0m/24s,1,53,0.5993249758919962,0.015429122468659595,0.08758314855875832,0.01,0.9400000000000003,15
ev_nms_thres,config/custom_rot.data,True,0.06,,,1416,0.1,True,config/yolov3-tiny-custom.cfg,100,,True,0.5,0.1,0.5,42,0d/13h/15m/43s,0d/0h/0m/25s,1,53,0.599523241954708,0.015494636471990465,0.08758314855875832,0.01,0.9500000000000003,15
ev_nms_thres,config/custom_rot.data,True,0.06,,,1416,0.1,True,config/yolov3-tiny-custom.cfg,100,,True,0.5,0.1,0.5,42,0d/13h/15m/43s,0d/0h/0m/25s,1,53,0.5985384252710986,0.015322960867515324,0.08758314855875832,0.01,0.9600000000000003,15
ev_nms_thres,config/custom_rot.data,True,0.06,,,1416,0.1,True,config/yolov3-tiny-custom.cfg,100,,True,0.5,0.1,0.5,42,0d/13h/15m/43s,0d/0h/0m/25s,1,53,0.5992990654205608,0.015186915887850467,0.08758314855875832,0.01,0.9700000000000003,15
ev_nms_thres,config/custom_rot.data,True,0.06,,,1416,0.1,True,config/yolov3-tiny-custom.cfg,100,,True,0.5,0.1,0.5,42,0d/13h/15m/43s,0d/0h/0m/23s,1,53,0.6,0.015116279069767442,0.08758314855875832,0.01,0.9800000000000003,15
ev_nms_thres,config/custom_rot.data,True,0.06,,,1416,0.1,True,config/yolov3-tiny-custom.cfg,100,,True,0.5,0.1,0.5,42,0d/13h/15m/43s,0d/0h/0m/19s,1,53,0.6002320185614849,0.015081206496519721,0.08758314855875832,0.01,0.9900000000000003,15
